{"10.1080/02786826.2023.2249069": 1.6, "10.1088/1757-899x/645/1/012022": 0.6, "10.5194/acp-2019-3-rc2": 1.6, "10.5194/egusphere-egu25-17174": 1.8, "10.21203/rs.3.rs-5197899/v1": 0.4, "10.5194/egusphere-egu25-17234": 1.2, "10.1136/oemed-2025-epicohabstracts.99": 0.8, "10.1016/j.jaerosci.2006.04.003": 1.4, "10.1016/j.atmosenv.2022.119391": 1.6, "10.1016/s1352-2310(02)00154-1": 1.8, "10.2478/tar-2022-0010": 0.8, "10.22161/ijeab.71.13": 0.6, "10.22161/ijeab.71.2": 0.4, "10.1108/aeat-11-2020-0264": 0.6, "10.17798/bitlisfen.930376": 0.6, "10.2478/tar-2021-0011": 1.2, "10.5194/acp-2020-1091-rc2": 1.8, "10.1016/j.atmosenv.2021.118226": 1.2, "10.5194/egusphere-egu2020-6671": 1.4, "10.1007/978-3-030-39908-5_5": 0.4, "10.1016/j.energy.2020.118219": 0.0, "10.5194/acp-2020-395-rc2": 0.0, "10.69554/frpa9719": 0.4, "10.4324/9781315242316-19": 0.0}